source_id,platform,source_title,url,publication_date,source_identity_type,college_branch_if_known,graduation_year_if_known,hosteller_or_day_scholar,topics_covered,positive_themes,negative_themes,visual_evidence,possible_bias,confidence_level,notes
SEXP001,Reddit,SVNIT Surat Freshers!,https://www.reddit.com/r/JEENEETards/comments/1kwg1sk/svnit_surat_freshers/,2025,self-identified current student / mixed commenters,ECE for original poster,,Hosteller implied,campus; clubs; first-year in-time; hostels; labs; library; placements; ragging,large campus; active events; good labs/library; some positive placement reports,first-semester in-time; mixed branch and coding opinions,No,AMA-style self-report; identities unverified,D,Multiple comments conflict; no college-wide generalization.
SEXP002,Reddit,SVNIT Surat 1st year hostel,https://www.reddit.com/r/Btechtards/comments/15lkfba/svnit_surat_1st_year_hostel/,2023-08,applicant/visitor,,,Visitor,first-year hostel room condition,,broken furniture; uneven room maintenance; low sunlight in some rooms,No,single visit; admission-period conditions,E,Limited anecdotal evidence.
SEXP003,Reddit,Mice found in mess kitchen + college response,https://www.reddit.com/r/Btechtards/comments/1nzf94v/mice_found_in_mess_kitchen_colleges_response_to/,2025,self-identified student,,,Hosteller,mess hygiene; grievance handling,,serious alleged hygiene and complaint-handling concerns,Video claimed but not independently authenticated,adversarial complaint; institutional response not independently reviewed,E,"Treat as allegation, not verified fact."
SEXP004,Reddit,How is SVNIT EE?,https://www.reddit.com/r/NIT_SURAT/comments/1txe569/how_is_svnit_ee/,2026-06,self-identified students/commenters,Electrical Engineering,,Unknown,workload; sports; gym; medical; hostel,friends and peer support,long academic days; maintenance and medical complaints; weak sports culture alleged,No,small number of strongly negative commenters,E,Recent but limited and highly opinionated.
SEXP005,Reddit,"My brother review of NIT Surat, Civil branch",https://www.reddit.com/r/JEENEETards/comments/1kgtmf7/my_brother_review_of_nit_surat_he_is_in_civil/,2025-05,second-hand relative report with supporting commenter,Civil Engineering,,Unknown,ragging; mess; senior-junior culture; language groups; restrictions,,multiple serious negative allegations,No,second-hand and strongly negative; claims unverified,E,Do not treat allegations as official facts.
SEXP006,Reddit,SVNIT CSE vs MANIT CSE vs NIT Durgapur CSE,https://www.reddit.com/r/NITIAN/comments/1u9th5p/svnit_cse_vs_manit_cse_vs_nit_durgapur_cse/,2026-06,"mixed commenters, one apparently current student",CSE,,Unknown,academics; coding culture; college life; infrastructure; placements,good CSE academics; initiative-based freedom; active events; new CSE building; good recruiters,coding culture depends heavily on self-initiative,No,comparison thread; identities unverified,D,Recent but limited sample.
SEXP007,Reddit,NIT Surat Hostel = National Trauma,https://www.reddit.com/r/Btechtards/comments/1nm2qif/nit_surat_hostel_national_trauma/,2025,self-identified current hosteller with supporting commenters,,,Hosteller,Bhabha hostel; room condition; Wi-Fi; mess; maintenance,prior-year mess was described as acceptable,strong repeated complaints about one hostel building and mess,Images attached,building-specific complaint; conditions may vary by hostel and date,D,"Moderate repeated signal for Bhabha Bhavan, not all hostels."
SEXP008,Reddit,Nirma or SVNIT,https://www.reddit.com/r/NIT_SURAT/comments/1lzp20o/nirma_or_svnit/,2025,self-identified second-year student commenter,Mechanical Engineering,,Likely hosteller,first-month hostel in-time; chemical/mechanical infrastructure; faculty variability,chemical infrastructure; new mechanical building; SVNIT brand,initial hostel strictness; old mechanical building; low female ratio alleged,No,single commenter,E,Limited anecdotal evidence.
SEXP009,Reddit,NIT Surat - College review for incoming freshmen,https://www.reddit.com/r/Btechtards/comments/1keqhxu/nit_surat_college_review_for_incoming_freshmen/,2025-05,self-identified second-year student,"Newer programme, unspecified",,Likely hosteller,curriculum; faculty; research; infrastructure; college life,NEP curriculum; some helpful faculty; research access; wheelchair-friendly campus,faculty quality varies by branch,No,single long-form student review,E,Useful detailed account but not independently verified.
SEXP010,YouTube,NIT Surat Campus Tour,https://www.youtube.com/watch?v=2NFZ31mc7LU,2025-04-28,external creator / unknown affiliation,,,Unknown,campus; academic buildings; hostels; open spaces,visual overview of campus scale and buildings,promotional framing; little critical detail,Yes,promotional campus-tour framing,E,Use only for directly observable visuals.
