source_id,source_title,url,domain,source_category,source_type,confidence_level,academic_year,publication_date,accessed_date,data_categories,college_campus,notes
SRC001,JoSAA 2026 Institute Profile and Programme-wise Seat Breakup - IIIT Sri City,https://josaa.admissions.nic.in/applicant/seatmatrix/InstProfile.aspx?instcd=307,josaa.admissions.nic.in,Tier A - official counselling authority,Official web page,A,2026-27,,2026-06-26,identity; institute code; programmes; seat matrix; fees; admission route; facilities; hostels; scholarships; recruiters; location,"Permanent residential campus, Sri City, Tirupati district, Andhra Pradesh","Institute code 307. Three B.Tech programmes, 365 regular seats and 73 female-supernumerary seats; 438 including supernumerary. Historical cutoffs are not official 2026 cutoffs."
SRC002,IIIT Sri City Official Website,https://iiits.ac.in/,iiits.ac.in,Tier B - institution controlled,Official institute website,B,2026,,2026-06-26,identity; contacts; academics; notices; student life,"Permanent residential campus, Sri City, Tirupati district, Andhra Pradesh",
SRC003,Verified JoSAA cutoff dataset 2018-2025 supplied by user - IIIT Sri City rows,https://josaa.admissions.nic.in/applicant/seatmatrix/openingclosingrankarchieve.aspx,josaa.admissions.nic.in,Tier A - official archive data / user-provided verified export,CSV export,A,2023; 2024; 2025,,2026-06-26,JoSAA opening and closing ranks,"Permanent residential campus, Sri City, Tirupati district, Andhra Pradesh",All 576 IIIT Sri City rows for 2023-2025 have numeric opening and closing ranks.
SRC004,CSAB Special 2025 Opening and Closing Ranks - Special Round 1,https://admissions.nic.in/csabspl/Applicant/SeatAllotmentResult/CurrentORCR.aspx,admissions.nic.in,Tier A - official counselling authority,Official PDF capture supplied by user,A,2025,,2026-06-26,CSAB Special Round 1 cutoffs,"Permanent residential campus, Sri City, Tirupati district, Andhra Pradesh",IIIT Sri City records occur on PDF pages 534-538. PDF states all ranks are All India CRL.
SRC005,CSAB Special 2025 Opening and Closing Ranks - Special Round 2,https://admissions.nic.in/csabspl/Applicant/SeatAllotmentResult/CurrentORCR.aspx,admissions.nic.in,Tier A - official counselling authority,Official PDF capture supplied by user,A,2025,,2026-06-26,CSAB Special Round 2 cutoffs,"Permanent residential campus, Sri City, Tirupati district, Andhra Pradesh",IIIT Sri City records occur on PDF pages 245-247. PDF states all ranks are All India CRL.
SRC006,CSAB Special 2025 Opening and Closing Ranks - Special Round 3,https://admissions.nic.in/csabspl/Applicant/SeatAllotmentResult/CurrentORCR.aspx,admissions.nic.in,Tier A - official counselling authority,Official PDF capture supplied by user,A,2025,,2026-06-26,CSAB Special Round 3 cutoffs,"Permanent residential campus, Sri City, Tirupati district, Andhra Pradesh",No IIIT Sri City row was found in the supplied Round 3 PDF.
SRC007,About IIIT Sri City,https://iiits.ac.in/home/about-iiit-sri-city/,iiits.ac.in,Tier B - institution controlled,Official institute page,B,2026,,2026-06-26,establishment; PPP model; Institute of National Importance; campus,"Permanent residential campus, Sri City, Tirupati district, Andhra Pradesh",
SRC008,IIIT Sri City Campus Placement Report - current page,https://iiits.ac.in/campus-placement/,iiits.ac.in,Tier B - institution controlled,Official placement page,B,2024; 2025; 2026,,2026-06-26,placement counts; placement percentage; average; median; maximum and minimum CTC; recruiters,"Permanent residential campus, Sri City, Tirupati district, Andhra Pradesh","Current page reports Batch 2026, 2025 and 2024 figures as of 21 April 2026."
SRC009,IIIT Sri City Campus Placement Archive figures,https://iiits.ac.in/campus-placement/,iiits.ac.in,Tier B - institution controlled,Archived section of official placement page,B,2023; 2024; 2025,,2026-06-26,historical placement percentages and packages,"Permanent residential campus, Sri City, Tirupati district, Andhra Pradesh",Archived figures differ slightly from later/current figures for the same batches; both are preserved and flagged.
SRC010,IIIT Sri City Annual Report 2024-25,https://iiits.ac.in/iiits-content/uploads/2026/04/IIIT-Sri-City_Annual-Report-2024-25_English-version.pdf,iiits.ac.in,Tier B - official institution,Official annual report PDF,B,2024-25,,2026-06-26,institution; programmes; research; facilities; governance; student activities,"Permanent residential campus, Sri City, Tirupati district, Andhra Pradesh",Publication posted on official annual-report page.
SRC011,IIIT Sri City Annual Report 2023-24,https://iiits.ac.in/iiits-content/uploads/2025/12/IIIT-Sri-City_Annual-Report-and-Annual-Accounts-2023-24_English-Version.pdf,iiits.ac.in,Tier B - official institution,Official annual report PDF,B,2023-24,,2026-06-26,institution; placements; research; facilities; student activities,"Permanent residential campus, Sri City, Tirupati district, Andhra Pradesh",
SRC012,IIIT Sri City Annual Reports Index,https://iiits.ac.in/annual-report/,iiits.ac.in,Tier B - institution controlled,Official document index,B,2026,,2026-06-26,annual reports,"Permanent residential campus, Sri City, Tirupati district, Andhra Pradesh",
SRC013,IIIT Sri City NIRF 2026 Engineering DCS Submission,https://iiits.ac.in/iiits-content/uploads/2026/05/Engg.IIITSRICITY-20260509.pdf,iiits.ac.in,Tier A - NIRF / Government of India,Official NIRF institution submission,A,2026,,2026-06-26,institution submission; graduation outcomes; research,"Permanent residential campus, Sri City, Tirupati district, Andhra Pradesh",An exact published Engineering rank was not verified; do not infer one from submission status.
SRC014,Student Development Council 2025,https://iiits.ac.in/student-development-council-2025/,iiits.ac.in,Tier C - institution associated,Official student council page,C,2025-26,,2026-06-26,clubs; student activities,"Permanent residential campus, Sri City, Tirupati district, Andhra Pradesh",
SRC015,EPOCH - Artificial Intelligence and Machine Learning Club,https://iiits.ac.in/epoch-artificial-intelligence-and-machine-learning-club/,iiits.ac.in,Tier C - institution associated,Official club page,C,2024-25,,2026-06-26,AI/ML club; activities,"Permanent residential campus, Sri City, Tirupati district, Andhra Pradesh",Official page was published in June 2024.
SRC016,Matrix - Data Science Club,https://iiits.ac.in/matrix-data-science-club/,iiits.ac.in,Tier C - institution associated,Official club page,C,2024-25,,2026-06-26,data science club; activities,"Permanent residential campus, Sri City, Tirupati district, Andhra Pradesh",
SRC017,IOTA - Project Club,https://iiits.ac.in/iota-project-club/,iiits.ac.in,Tier C - institution associated,Official club page,C,2024-25,,2026-06-26,project club; technical activities,"Permanent residential campus, Sri City, Tirupati district, Andhra Pradesh",
SRC018,ENIGMA - Cyber Security Club,https://iiits.ac.in/enigma-cyber-security-club/,iiits.ac.in,Tier C - institution associated,Official club page,C,2024-25,,2026-06-26,cyber security club; activities,"Permanent residential campus, Sri City, Tirupati district, Andhra Pradesh",
SRC019,Entrepreneurship Cell - IIIT Sri City,https://iiits.ac.in/e-cell/,iiits.ac.in,Tier C - institution associated,Official institute/student activity page,C,2026,,2026-06-26,entrepreneurship; events,"Permanent residential campus, Sri City, Tirupati district, Andhra Pradesh",
SRC020,Internet of Things Club - IIIT Sri City,https://iiits.ac.in/internet-of-things-club/,iiits.ac.in,Tier C - institution associated,Official club page,C,2024-25,,2026-06-26,IoT club; activities,"Permanent residential campus, Sri City, Tirupati district, Andhra Pradesh",
SRC021,Arts and Design Club - IIIT Sri City,https://iiits.ac.in/arts-and-design-club/,iiits.ac.in,Tier C - institution associated,Official club page,C,2024-25,,2026-06-26,arts club; activities,"Permanent residential campus, Sri City, Tirupati district, Andhra Pradesh",
SRC022,Gyan Circle Ventures - Technology Business Incubator,https://iiits.ac.in/gyan-circle-ventures/,iiits.ac.in,Tier B - institution controlled,Official incubation page,B,2026,,2026-06-26,innovation; incubation; entrepreneurship,"Permanent residential campus, Sri City, Tirupati district, Andhra Pradesh",
SRC023,National Scholarship Portal,https://scholarships.gov.in/,scholarships.gov.in,Tier A - Government of India,Official scholarship portal,A,2026-27,,2026-06-26,central scholarships,"Permanent residential campus, Sri City, Tirupati district, Andhra Pradesh",
SRC024,Vidya Lakshmi Education Loan Portal,https://www.vidyalakshmi.co.in/Students/,vidyalakshmi.co.in,Tier A - Government-supported portal,Official education-loan portal,A,2026-27,,2026-06-26,education loans,"Permanent residential campus, Sri City, Tirupati district, Andhra Pradesh",
SRC025,Andhra Pradesh Jnanabhumi,https://jnanabhumi.ap.gov.in/,jnanabhumi.ap.gov.in,Tier A - state government,Official scholarship/fee-reimbursement portal,A,2026-27,,2026-06-26,state scholarships,"Permanent residential campus, Sri City, Tirupati district, Andhra Pradesh",
SRC026,Telangana ePASS,https://telanganaepass.cgg.gov.in/,telanganaepass.cgg.gov.in,Tier A - state government,Official scholarship portal,A,2026-27,,2026-06-26,state scholarships,"Permanent residential campus, Sri City, Tirupati district, Andhra Pradesh",
SRC027,Jharkhand e-Kalyan,https://ekalyan.cgg.gov.in/,ekalyan.cgg.gov.in,Tier A - state government,Official scholarship portal,A,2026-27,,2026-06-26,state scholarships,"Permanent residential campus, Sri City, Tirupati district, Andhra Pradesh",
SRC028,IIIT Sri City Contact Page,https://www.iiits.ac.in/contact-us/,iiits.ac.in,Tier B - institution controlled,Official contact page,B,2026,,2026-06-26,address; phone; email,"Permanent residential campus, Sri City, Tirupati district, Andhra Pradesh",
SRC029,IIIT Sri City Strategic Location,https://iiits.ac.in/home/strategic-location/,iiits.ac.in,Tier B - institution controlled,Official location page,B,2026,,2026-06-26,industry ecosystem; connectivity,"Permanent residential campus, Sri City, Tirupati district, Andhra Pradesh",
MAP001,Map-derived IIIT Sri City campus location,https://www.google.com/maps/search/?api=1&query=Indian+Institute+of+Information+Technology+Sri+City,google.com,Calculated / map-derived,Map-derived reference,F,2026,,2026-06-26,coordinates; local geography,"Permanent residential campus, Sri City, Tirupati district, Andhra Pradesh",Coordinates are approximate and should be rechecked before production import.
SEXP001,IIIT Sri City 2026 Admissions Megathread,https://www.reddit.com/r/IIITSriCity/comments/1skap2r/iiit_sri_city_2026_admissions_megathread_qa/,reddit.com,Tier C - student experience,Reddit,D,2026,2026-04,2026-06-26,admissions; placements; academics; hostels; campus life,"Permanent residential campus, Sri City, Tirupati district, Andhra Pradesh",Qualitative only; answers are explicitly non-official.
SEXP002,Should You Join IIIT Sri City? Admissions and Campus Life Q&A,https://www.reddit.com/r/IIITSriCity/comments/1jxlz0q/,reddit.com,Tier C - student experience,Reddit,D,2025,2025-04-12,2026-06-26,workload; curriculum; clubs; hostel; mess; internet; placements,"Permanent residential campus, Sri City, Tirupati district, Andhra Pradesh","Useful for recurring themes, not official facts."
SEXP003,Placement Stats of IIIT Sri City,https://www.reddit.com/r/Btechtards/comments/1k29rir/placement_stats_of_iiit_sri_city/,reddit.com,Tier C - student experience,Reddit,D,2025,2025-04-18,2026-06-26,placements; campus isolation; academics,"Permanent residential campus, Sri City, Tirupati district, Andhra Pradesh",Official placement table remains source of truth; use only for perceptions.
SEXP004,IIIT Sri City placements discussion,https://www.reddit.com/r/JEENEETards/comments/1llipx6/iiit_sricity_placements/,reddit.com,Tier C - student experience,Reddit,E,2025,2025-06-27,2026-06-26,placement definitions; eligibility; minimum packages,"Permanent residential campus, Sri City, Tirupati district, Andhra Pradesh",Preserved as conflicting perception; no accusation is treated as fact.
SEXP005,IIIT Pune or IIIT Sri City CSE discussion,https://www.reddit.com/r/JEENEETards/comments/1lmcyle/iiit_pune_or_iiit_sricity_cse/,reddit.com,Tier C - student experience,Reddit,E,2025,2025-06-28,2026-06-26,hostel infrastructure; fees; placements; comparison,"Permanent residential campus, Sri City, Tirupati district, Andhra Pradesh",Limited anecdotal hostel evidence.
SEXP006,Placement Stats of IIIT Sri City - cohort definition discussion,https://www.reddit.com/r/Btechtards/comments/1l3rdgk/iiit_sri_city_placement_stats/,reddit.com,Tier C - student experience,Reddit,E,2025,2025-06-05,2026-06-26,registered cohort; eligibility; on-campus/off-campus distinction,"Permanent residential campus, Sri City, Tirupati district, Andhra Pradesh",Use only to flag need for placement-scope verification.
SEXP007,Campus Life at Sri City,https://www.reddit.com/r/IIITSriCity/comments/1e2tqnu/campus_life_at_sricity/,reddit.com,Tier C - student experience,Reddit,E,2024,2024-07-14,2026-06-26,social life; language comfort; local market; branch choice,"Permanent residential campus, Sri City, Tirupati district, Andhra Pradesh",Limited anecdotal signal only.
SEXP008,How is IIIT Sri City?,https://www.reddit.com/r/Btechtards/comments/1d2tkn3/,reddit.com,Tier C - student experience,Reddit,E,2024,2024-05-28,2026-06-26,curriculum; hackathons; hostels; placements; construction,"Permanent residential campus, Sri City, Tirupati district, Andhra Pradesh",Conflicting signal; no numeric claim used as official.
SEXP009,"IIIT Sri City College Review - Campus, Placement, Cutoff and Hostel",https://www.youtube.com/watch?v=wJ2Qww0LTks,youtube.com,Tier C - student experience,YouTube,E,2024,2024-01-09,2026-06-26,campus tour; placements; hostel; infrastructure; fees,"Permanent residential campus, Sri City, Tirupati district, Andhra Pradesh",Visual evidence only; official figures come from official sources.
SEXP010,IIIT Sri City Campus Tour and College Review,https://www.youtube.com/results?search_query=IIIT+Sri+City+campus+tour+2025,youtube.com,Tier C - student experience,YouTube,E,2025,2025,2026-06-26,campus; hostel; mess; classrooms; student life,"Permanent residential campus, Sri City, Tirupati district, Andhra Pradesh",Search reference retained because a single authoritative current-student video could not be verified consistently.
SEXP011,IIIT Sri City 2026 placements discussion,https://www.reddit.com/r/Btechtards/comments/1tgpa3i/iiit_sricity_2026_placements/,reddit.com,Tier C - student experience,Reddit,E,2026,2026-05-18,2026-06-26,placement headline; fees; college choice,"Permanent residential campus, Sri City, Tirupati district, Andhra Pradesh",Limited anecdotal signal.
SEXP012,IIIT Pune or IIIT Sri City - placement scope debate,https://www.reddit.com/r/IIITverse/comments/1ts1sx5/iiit_pune_or_iiit_sri_city/,reddit.com,Tier C - student experience,Reddit,E,2026,2026-05-30,2026-06-26,location; placement scope; eligibility criteria,"Permanent residential campus, Sri City, Tirupati district, Andhra Pradesh","Use to flag scope uncertainty, not as evidence of manipulation."
